{
  "model": {
    "name": "yolov8n",
    "path": "yolov8n.pt"
  },
  "accuracy": {
    "mAP@0.5": 0.4852891967948454,
    "mAP@0.75": 0.3740065809989246,
    "mAP@[.5:.95]": 0.3447066502472974,
    "precision": 0.8159719012847768,
    "recall": 0.6273005045121864,
    "f1_score": 0.7093041941185922
  },
  "per_class": {
    "ap": {
      "person": 0.6318349537384689,
      "bicycle": 0.36743246462458545,
      "car": 0.4590850556512986,
      "motorcycle": 0.5280315632371013,
      "bus": 0.6354201165256449,
      "truck": 0.2899310269919734
    },
    "precision": {},
    "recall": {}
  },
  "per_size": {
    "mAP_small": 0.0,
    "mAP_medium": 0.0,
    "mAP_large": 0.0
  },
  "speed": {
    "fps": 79.5654137104663,
    "latency_ms": 12.568274999975984,
    "latency_std_ms": 2.0786434325748178,
    "throughput": 79.35878734701846
  },
  "dataset": {
    "name": "COCODataset",
    "num_images": 2968,
    "num_ground_truths": 14323,
    "num_predictions": 10819
  },
  "meta": {
    "evaluation_time_seconds": 85.33729481697083,
    "timestamp": "2026-01-09T16:56:25.972465"
  }
}