{
  "model": {
    "name": "yolov12x",
    "path": "yolov12x.pt"
  },
  "accuracy": {
    "mAP@0.5": 0.6710384455109376,
    "mAP@0.75": 0.557795577698679,
    "mAP@[.5:.95]": 0.5148635439912728,
    "precision": 0.8353740421834268,
    "recall": 0.751438925602217,
    "f1_score": 0.7911865928475237
  },
  "per_class": {
    "ap": {
      "person": 0.7363912373950612,
      "bicycle": 0.5894170242305306,
      "car": 0.6459946490730306,
      "motorcycle": 0.720656386114694,
      "bus": 0.8260842803626396,
      "truck": 0.5076870958896691
    },
    "precision": {},
    "recall": {}
  },
  "per_size": {
    "mAP_small": 0.0,
    "mAP_medium": 0.0,
    "mAP_large": 0.0
  },
  "speed": {
    "fps": 16.794838153582653,
    "latency_ms": 59.542103999774554,
    "latency_std_ms": 4.045661563642898,
    "throughput": 16.784280836201148
  },
  "dataset": {
    "name": "COCODataset",
    "num_images": 2968,
    "num_ground_truths": 14323,
    "num_predictions": 12659
  },
  "meta": {
    "evaluation_time_seconds": 205.99570870399475,
    "timestamp": "2026-01-09T17:12:58.935955"
  }
}