{
  "model": {
    "name": "yolov8x",
    "path": "yolov8x.pt"
  },
  "accuracy": {
    "mAP@0.5": 0.6601210257535229,
    "mAP@0.75": 0.5474520376332341,
    "mAP@[.5:.95]": 0.50242187895516,
    "precision": 0.8047526817640047,
    "recall": 0.7676401620123641,
    "f1_score": 0.7857584463759683
  },
  "per_class": {
    "ap": {
      "person": 0.7519838209506361,
      "bicycle": 0.5627987067863185,
      "car": 0.6542123791893846,
      "motorcycle": 0.692352553452146,
      "bus": 0.7954983080949068,
      "truck": 0.5038803860477457
    },
    "precision": {},
    "recall": {}
  },
  "per_size": {
    "mAP_small": 0.0,
    "mAP_medium": 0.0,
    "mAP_large": 0.0
  },
  "speed": {
    "fps": 22.04833776148311,
    "latency_ms": 45.35489300000336,
    "latency_std_ms": 0.8310467341816116,
    "throughput": 22.03251686628152
  },
  "dataset": {
    "name": "COCODataset",
    "num_images": 2968,
    "num_ground_truths": 14323,
    "num_predictions": 13424
  },
  "meta": {
    "evaluation_time_seconds": 169.4744610786438,
    "timestamp": "2026-01-09T17:09:58.688814"
  }
}