{
  "model": {
    "name": "yolov8s",
    "path": "yolov8s.pt"
  },
  "accuracy": {
    "mAP@0.5": 0.5762625009943824,
    "mAP@0.75": 0.45830010695744955,
    "mAP@[.5:.95]": 0.42211592707299816,
    "precision": 0.7996908306891222,
    "recall": 0.6984296169970866,
    "f1_score": 0.7456379912001215
  },
  "per_class": {
    "ap": {
      "person": 0.6912601207243059,
      "bicycle": 0.45850800160349425,
      "car": 0.5563023544628054,
      "motorcycle": 0.6350096584113845,
      "bus": 0.7284027308056422,
      "truck": 0.3880921399586623
    },
    "precision": {},
    "recall": {}
  },
  "per_size": {
    "mAP_small": 0.0,
    "mAP_medium": 0.0,
    "mAP_large": 0.0
  },
  "speed": {
    "fps": 50.14776289134848,
    "latency_ms": 19.94106899976032,
    "latency_std_ms": 2.3465921492425585,
    "throughput": 50.05119235959596
  },
  "dataset": {
    "name": "COCODataset",
    "num_images": 2968,
    "num_ground_truths": 14323,
    "num_predictions": 12291
  },
  "meta": {
    "evaluation_time_seconds": 73.92574548721313,
    "timestamp": "2026-01-09T17:06:25.880349"
  }
}